bulan,komoditas,harga_rp
2021-01,Bawang Merah Ukuran Sedang,
2021-02,Bawang Merah Ukuran Sedang,31450.0
2021-03,Bawang Merah Ukuran Sedang,34250.0
2021-04,Bawang Merah Ukuran Sedang,34400.0
2021-05,Bawang Merah Ukuran Sedang,32950.0
2021-06,Bawang Merah Ukuran Sedang,45650.0
2021-07,Bawang Merah Ukuran Sedang,31750.0
2021-08,Bawang Merah Ukuran Sedang,36100.0
2021-09,Bawang Merah Ukuran Sedang,31950.0
2021-10,Bawang Merah Ukuran Sedang,29650.0
2021-11,Bawang Merah Ukuran Sedang,29250.0
2021-12,Bawang Merah Ukuran Sedang,27200.0
2022-01,Bawang Merah Ukuran Sedang,30200.0
2022-02,Bawang Merah Ukuran Sedang,26000.0
2022-03,Bawang Merah Ukuran Sedang,36950.0
2022-04,Bawang Merah Ukuran Sedang,34800.0
2022-05,Bawang Merah Ukuran Sedang,
2022-06,Bawang Merah Ukuran Sedang,
2022-07,Bawang Merah Ukuran Sedang,60800.0
2022-08,Bawang Merah Ukuran Sedang,51650.0
2022-09,Bawang Merah Ukuran Sedang,36500.0
2022-10,Bawang Merah Ukuran Sedang,35100.0
2022-11,Bawang Merah Ukuran Sedang,35700.0
2022-12,Bawang Merah Ukuran Sedang,37750.0
2023-01,Bawang Merah Ukuran Sedang,38900.0
2023-02,Bawang Merah Ukuran Sedang,42000.0
2023-03,Bawang Merah Ukuran Sedang,38550.0
2023-04,Bawang Merah Ukuran Sedang,36550.0
2023-05,Bawang Merah Ukuran Sedang,40450.0
2023-06,Bawang Merah Ukuran Sedang,40750.0
2023-07,Bawang Merah Ukuran Sedang,41300.0
2023-08,Bawang Merah Ukuran Sedang,34450.0
2023-09,Bawang Merah Ukuran Sedang,29350.0
2023-10,Bawang Merah Ukuran Sedang,26900.0
2023-11,Bawang Merah Ukuran Sedang,27250.0
2023-12,Bawang Merah Ukuran Sedang,32300.0
2024-01,Bawang Merah Ukuran Sedang,40000.0
2024-02,Bawang Merah Ukuran Sedang,38350.0
2024-03,Bawang Merah Ukuran Sedang,37050.0
2024-04,Bawang Merah Ukuran Sedang,38350.0
2024-05,Bawang Merah Ukuran Sedang,56000.0
2024-06,Bawang Merah Ukuran Sedang,47400.0
2024-07,Bawang Merah Ukuran Sedang,41200.0
2024-08,Bawang Merah Ukuran Sedang,30350.0
2024-09,Bawang Merah Ukuran Sedang,28250.0
2024-10,Bawang Merah Ukuran Sedang,30950.0
2024-11,Bawang Merah Ukuran Sedang,34600.0
2024-12,Bawang Merah Ukuran Sedang,42250.0
2025-01,Bawang Merah Ukuran Sedang,44100.0
2025-02,Bawang Merah Ukuran Sedang,38050.0
2025-03,Bawang Merah Ukuran Sedang,41450.0
2025-04,Bawang Merah Ukuran Sedang,47400.0
2025-05,Bawang Merah Ukuran Sedang,44650.0
2025-06,Bawang Merah Ukuran Sedang,41000.0
2025-07,Bawang Merah Ukuran Sedang,47350.0
2025-08,Bawang Merah Ukuran Sedang,56350.0
2025-09,Bawang Merah Ukuran Sedang,48850.0
2025-10,Bawang Merah Ukuran Sedang,40450.0
2025-11,Bawang Merah Ukuran Sedang,41800.0
2025-12,Bawang Merah Ukuran Sedang,47150.0
2026-01,Bawang Merah Ukuran Sedang,50650.0
2026-02,Bawang Merah Ukuran Sedang,43200.0
2026-03,Bawang Merah Ukuran Sedang,43950.0
2026-04,Bawang Merah Ukuran Sedang,47700.0
2026-05,Bawang Merah Ukuran Sedang,45750.0
2026-06,Bawang Merah Ukuran Sedang,50900.0
2026-07,Bawang Merah Ukuran Sedang,48300.0
2026-08,Bawang Merah Ukuran Sedang,40100.0
2026-09,Bawang Merah Ukuran Sedang,38450.0
2026-10,Bawang Merah Ukuran Sedang,37250.0
2021-01,Bawang Putih Ukuran Sedang,
2021-02,Bawang Putih Ukuran Sedang,27900.0
2021-03,Bawang Putih Ukuran Sedang,29450.0
2021-04,Bawang Putih Ukuran Sedang,29900.0
2021-05,Bawang Putih Ukuran Sedang,30150.0
2021-06,Bawang Putih Ukuran Sedang,39150.0
2021-07,Bawang Putih Ukuran Sedang,29800.0
2021-08,Bawang Putih Ukuran Sedang,30850.0
2021-09,Bawang Putih Ukuran Sedang,30200.0
2021-10,Bawang Putih Ukuran Sedang,29600.0
2021-11,Bawang Putih Ukuran Sedang,29450.0
2021-12,Bawang Putih Ukuran Sedang,29250.0
2022-01,Bawang Putih Ukuran Sedang,30150.0
2022-02,Bawang Putih Ukuran Sedang,24000.0
2022-03,Bawang Putih Ukuran Sedang,30700.0
2022-04,Bawang Putih Ukuran Sedang,32800.0
2022-05,Bawang Putih Ukuran Sedang,
2022-06,Bawang Putih Ukuran Sedang,
2022-07,Bawang Putih Ukuran Sedang,29250.0
2022-08,Bawang Putih Ukuran Sedang,29300.0
2022-09,Bawang Putih Ukuran Sedang,28700.0
2022-10,Bawang Putih Ukuran Sedang,28550.0
2022-11,Bawang Putih Ukuran Sedang,27900.0
2022-12,Bawang Putih Ukuran Sedang,27650.0
2023-01,Bawang Putih Ukuran Sedang,29000.0
2023-02,Bawang Putih Ukuran Sedang,29950.0
2023-03,Bawang Putih Ukuran Sedang,31800.0
2023-04,Bawang Putih Ukuran Sedang,34150.0
2023-05,Bawang Putih Ukuran Sedang,35850.0
2023-06,Bawang Putih Ukuran Sedang,39250.0
2023-07,Bawang Putih Ukuran Sedang,40650.0
2023-08,Bawang Putih Ukuran Sedang,42350.0
2023-09,Bawang Putih Ukuran Sedang,40100.0
2023-10,Bawang Putih Ukuran Sedang,38600.0
2023-11,Bawang Putih Ukuran Sedang,37950.0
2023-12,Bawang Putih Ukuran Sedang,37500.0
2024-01,Bawang Putih Ukuran Sedang,40050.0
2024-02,Bawang Putih Ukuran Sedang,41050.0
2024-03,Bawang Putih Ukuran Sedang,40800.0
2024-04,Bawang Putih Ukuran Sedang,43700.0
2024-05,Bawang Putih Ukuran Sedang,47300.0
2024-06,Bawang Putih Ukuran Sedang,45600.0
2024-07,Bawang Putih Ukuran Sedang,43600.0
2024-08,Bawang Putih Ukuran Sedang,42450.0
2024-09,Bawang Putih Ukuran Sedang,42000.0
2024-10,Bawang Putih Ukuran Sedang,42150.0
2024-11,Bawang Putih Ukuran Sedang,42400.0
2024-12,Bawang Putih Ukuran Sedang,44000.0
2025-01,Bawang Putih Ukuran Sedang,44650.0
2025-02,Bawang Putih Ukuran Sedang,45500.0
2025-03,Bawang Putih Ukuran Sedang,45700.0
2025-04,Bawang Putih Ukuran Sedang,47350.0
2025-05,Bawang Putih Ukuran Sedang,46400.0
2025-06,Bawang Putih Ukuran Sedang,42800.0
2025-07,Bawang Putih Ukuran Sedang,41500.0
2025-08,Bawang Putih Ukuran Sedang,41150.0
2025-09,Bawang Putih Ukuran Sedang,39600.0
2025-10,Bawang Putih Ukuran Sedang,39350.0
2025-11,Bawang Putih Ukuran Sedang,38800.0
2025-12,Bawang Putih Ukuran Sedang,39550.0
2026-01,Bawang Putih Ukuran Sedang,40200.0
2026-02,Bawang Putih Ukuran Sedang,40400.0
2026-03,Bawang Putih Ukuran Sedang,40400.0
2026-04,Bawang Putih Ukuran Sedang,40500.0
2026-05,Bawang Putih Ukuran Sedang,39150.0
2026-06,Bawang Putih Ukuran Sedang,38650.0
2026-07,Bawang Putih Ukuran Sedang,44000.0
2026-08,Bawang Putih Ukuran Sedang,41600.0
2026-09,Bawang Putih Ukuran Sedang,39550.0
2026-10,Bawang Putih Ukuran Sedang,38900.0
2021-01,Daging Ayam Ras Segar,
2021-02,Daging Ayam Ras Segar,33550.0
2021-03,Daging Ayam Ras Segar,34300.0
2021-04,Daging Ayam Ras Segar,34750.0
2021-05,Daging Ayam Ras Segar,36000.0
2021-06,Daging Ayam Ras Segar,41800.0
2021-07,Daging Ayam Ras Segar,35950.0
2021-08,Daging Ayam Ras Segar,32100.0
2021-09,Daging Ayam Ras Segar,33700.0
2021-10,Daging Ayam Ras Segar,35500.0
2021-11,Daging Ayam Ras Segar,35950.0
2021-12,Daging Ayam Ras Segar,35250.0
2022-01,Daging Ayam Ras Segar,38100.0
2022-02,Daging Ayam Ras Segar,31000.0
2022-03,Daging Ayam Ras Segar,35650.0
2022-04,Daging Ayam Ras Segar,37600.0
2022-05,Daging Ayam Ras Segar,
2022-06,Daging Ayam Ras Segar,
2022-07,Daging Ayam Ras Segar,36900.0
2022-08,Daging Ayam Ras Segar,35800.0
2022-09,Daging Ayam Ras Segar,34700.0
2022-10,Daging Ayam Ras Segar,34150.0
2022-11,Daging Ayam Ras Segar,33950.0
2022-12,Daging Ayam Ras Segar,35250.0
2023-01,Daging Ayam Ras Segar,37600.0
2023-02,Daging Ayam Ras Segar,34050.0
2023-03,Daging Ayam Ras Segar,33750.0
2023-04,Daging Ayam Ras Segar,33750.0
2023-05,Daging Ayam Ras Segar,35500.0
2023-06,Daging Ayam Ras Segar,39450.0
2023-07,Daging Ayam Ras Segar,40250.0
2023-08,Daging Ayam Ras Segar,35600.0
2023-09,Daging Ayam Ras Segar,35500.0
2023-10,Daging Ayam Ras Segar,35850.0
2023-11,Daging Ayam Ras Segar,35550.0
2023-12,Daging Ayam Ras Segar,35000.0
2024-01,Daging Ayam Ras Segar,36950.0
2024-02,Daging Ayam Ras Segar,36050.0
2024-03,Daging Ayam Ras Segar,38400.0
2024-04,Daging Ayam Ras Segar,37950.0
2024-05,Daging Ayam Ras Segar,37850.0
2024-06,Daging Ayam Ras Segar,37800.0
2024-07,Daging Ayam Ras Segar,37100.0
2024-08,Daging Ayam Ras Segar,34900.0
2024-09,Daging Ayam Ras Segar,35200.0
2024-10,Daging Ayam Ras Segar,35200.0
2024-11,Daging Ayam Ras Segar,37700.0
2024-12,Daging Ayam Ras Segar,37500.0
2025-01,Daging Ayam Ras Segar,39700.0
2025-02,Daging Ayam Ras Segar,36800.0
2025-03,Daging Ayam Ras Segar,37450.0
2025-04,Daging Ayam Ras Segar,37300.0
2025-05,Daging Ayam Ras Segar,34500.0
2025-06,Daging Ayam Ras Segar,35800.0
2025-07,Daging Ayam Ras Segar,35200.0
2025-08,Daging Ayam Ras Segar,35850.0
2025-09,Daging Ayam Ras Segar,36650.0
2025-10,Daging Ayam Ras Segar,38850.0
2025-11,Daging Ayam Ras Segar,37850.0
2025-12,Daging Ayam Ras Segar,40350.0
2026-01,Daging Ayam Ras Segar,41600.0
2026-02,Daging Ayam Ras Segar,40300.0
2026-03,Daging Ayam Ras Segar,41550.0
2026-04,Daging Ayam Ras Segar,42400.0
2026-05,Daging Ayam Ras Segar,38700.0
2026-06,Daging Ayam Ras Segar,39150.0
2026-07,Daging Ayam Ras Segar,36750.0
2026-08,Daging Ayam Ras Segar,40050.0
2026-09,Daging Ayam Ras Segar,42550.0
2026-10,Daging Ayam Ras Segar,41900.0
2021-01,Minyak Goreng Kemasan Bermerk 1,
2021-02,Minyak Goreng Kemasan Bermerk 1,15100.0
2021-03,Minyak Goreng Kemasan Bermerk 1,15150.0
2021-04,Minyak Goreng Kemasan Bermerk 1,15300.0
2021-05,Minyak Goreng Kemasan Bermerk 1,15500.0
2021-06,Minyak Goreng Kemasan Bermerk 1,16400.0
2021-07,Minyak Goreng Kemasan Bermerk 1,16000.0
2021-08,Minyak Goreng Kemasan Bermerk 1,16150.0
2021-09,Minyak Goreng Kemasan Bermerk 1,16300.0
2021-10,Minyak Goreng Kemasan Bermerk 1,16550.0
2021-11,Minyak Goreng Kemasan Bermerk 1,17750.0
2021-12,Minyak Goreng Kemasan Bermerk 1,19350.0
2022-01,Minyak Goreng Kemasan Bermerk 1,20700.0
2022-02,Minyak Goreng Kemasan Bermerk 1,21000.0
2022-03,Minyak Goreng Kemasan Bermerk 1,19450.0
2022-04,Minyak Goreng Kemasan Bermerk 1,25700.0
2022-05,Minyak Goreng Kemasan Bermerk 1,
2022-06,Minyak Goreng Kemasan Bermerk 1,
2022-07,Minyak Goreng Kemasan Bermerk 1,26000.0
2022-08,Minyak Goreng Kemasan Bermerk 1,23900.0
2022-09,Minyak Goreng Kemasan Bermerk 1,22950.0
2022-10,Minyak Goreng Kemasan Bermerk 1,22250.0
2022-11,Minyak Goreng Kemasan Bermerk 1,21600.0
2022-12,Minyak Goreng Kemasan Bermerk 1,21650.0
2023-01,Minyak Goreng Kemasan Bermerk 1,21550.0
2023-02,Minyak Goreng Kemasan Bermerk 1,21750.0
2023-03,Minyak Goreng Kemasan Bermerk 1,21750.0
2023-04,Minyak Goreng Kemasan Bermerk 1,21750.0
2023-05,Minyak Goreng Kemasan Bermerk 1,22050.0
2023-06,Minyak Goreng Kemasan Bermerk 1,21800.0
2023-07,Minyak Goreng Kemasan Bermerk 1,21450.0
2023-08,Minyak Goreng Kemasan Bermerk 1,21400.0
2023-09,Minyak Goreng Kemasan Bermerk 1,21200.0
2023-10,Minyak Goreng Kemasan Bermerk 1,21050.0
2023-11,Minyak Goreng Kemasan Bermerk 1,20900.0
2023-12,Minyak Goreng Kemasan Bermerk 1,20900.0
2024-01,Minyak Goreng Kemasan Bermerk 1,20900.0
2024-02,Minyak Goreng Kemasan Bermerk 1,20700.0
2024-03,Minyak Goreng Kemasan Bermerk 1,20750.0
2024-04,Minyak Goreng Kemasan Bermerk 1,20800.0
2024-05,Minyak Goreng Kemasan Bermerk 1,20650.0
2024-06,Minyak Goreng Kemasan Bermerk 1,20650.0
2024-07,Minyak Goreng Kemasan Bermerk 1,20700.0
2024-08,Minyak Goreng Kemasan Bermerk 1,20750.0
2024-09,Minyak Goreng Kemasan Bermerk 1,20750.0
2024-10,Minyak Goreng Kemasan Bermerk 1,20800.0
2024-11,Minyak Goreng Kemasan Bermerk 1,21050.0
2024-12,Minyak Goreng Kemasan Bermerk 1,21450.0
2025-01,Minyak Goreng Kemasan Bermerk 1,21750.0
2025-02,Minyak Goreng Kemasan Bermerk 1,21900.0
2025-03,Minyak Goreng Kemasan Bermerk 1,22100.0
2025-04,Minyak Goreng Kemasan Bermerk 1,22300.0
2025-05,Minyak Goreng Kemasan Bermerk 1,22350.0
2025-06,Minyak Goreng Kemasan Bermerk 1,22350.0
2025-07,Minyak Goreng Kemasan Bermerk 1,22300.0
2025-08,Minyak Goreng Kemasan Bermerk 1,22450.0
2025-09,Minyak Goreng Kemasan Bermerk 1,22450.0
2025-10,Minyak Goreng Kemasan Bermerk 1,22400.0
2025-11,Minyak Goreng Kemasan Bermerk 1,22450.0
2025-12,Minyak Goreng Kemasan Bermerk 1,22450.0
2026-01,Minyak Goreng Kemasan Bermerk 1,22500.0
2026-02,Minyak Goreng Kemasan Bermerk 1,22600.0
2026-03,Minyak Goreng Kemasan Bermerk 1,22700.0
2026-04,Minyak Goreng Kemasan Bermerk 1,23050.0
2026-05,Minyak Goreng Kemasan Bermerk 1,23800.0
2026-06,Minyak Goreng Kemasan Bermerk 1,24000.0
2026-07,Minyak Goreng Kemasan Bermerk 1,24250.0
2026-08,Minyak Goreng Kemasan Bermerk 1,24300.0
2026-09,Minyak Goreng Kemasan Bermerk 1,24350.0
2026-10,Minyak Goreng Kemasan Bermerk 1,24350.0
2021-01,Minyak Goreng Kemasan Bermerk 2,
2021-02,Minyak Goreng Kemasan Bermerk 2,14500.0
2021-03,Minyak Goreng Kemasan Bermerk 2,14550.0
2021-04,Minyak Goreng Kemasan Bermerk 2,14750.0
2021-05,Minyak Goreng Kemasan Bermerk 2,14950.0
2021-06,Minyak Goreng Kemasan Bermerk 2,15250.0
2021-07,Minyak Goreng Kemasan Bermerk 2,15400.0
2021-08,Minyak Goreng Kemasan Bermerk 2,15500.0
2021-09,Minyak Goreng Kemasan Bermerk 2,15700.0
2021-10,Minyak Goreng Kemasan Bermerk 2,16050.0
2021-11,Minyak Goreng Kemasan Bermerk 2,17250.0
2021-12,Minyak Goreng Kemasan Bermerk 2,18900.0
2022-01,Minyak Goreng Kemasan Bermerk 2,20200.0
2022-02,Minyak Goreng Kemasan Bermerk 2,20000.0
2022-03,Minyak Goreng Kemasan Bermerk 2,18500.0
2022-04,Minyak Goreng Kemasan Bermerk 2,25100.0
2022-05,Minyak Goreng Kemasan Bermerk 2,
2022-06,Minyak Goreng Kemasan Bermerk 2,
2022-07,Minyak Goreng Kemasan Bermerk 2,24750.0
2022-08,Minyak Goreng Kemasan Bermerk 2,22350.0
2022-09,Minyak Goreng Kemasan Bermerk 2,21200.0
2022-10,Minyak Goreng Kemasan Bermerk 2,20600.0
2022-11,Minyak Goreng Kemasan Bermerk 2,20000.0
2022-12,Minyak Goreng Kemasan Bermerk 2,20050.0
2023-01,Minyak Goreng Kemasan Bermerk 2,20100.0
2023-02,Minyak Goreng Kemasan Bermerk 2,20050.0
2023-03,Minyak Goreng Kemasan Bermerk 2,20150.0
2023-04,Minyak Goreng Kemasan Bermerk 2,20100.0
2023-05,Minyak Goreng Kemasan Bermerk 2,20200.0
2023-06,Minyak Goreng Kemasan Bermerk 2,20250.0
2023-07,Minyak Goreng Kemasan Bermerk 2,19950.0
2023-08,Minyak Goreng Kemasan Bermerk 2,19800.0
2023-09,Minyak Goreng Kemasan Bermerk 2,19700.0
2023-10,Minyak Goreng Kemasan Bermerk 2,19500.0
2023-11,Minyak Goreng Kemasan Bermerk 2,19400.0
2023-12,Minyak Goreng Kemasan Bermerk 2,19400.0
2024-01,Minyak Goreng Kemasan Bermerk 2,19300.0
2024-02,Minyak Goreng Kemasan Bermerk 2,19250.0
2024-03,Minyak Goreng Kemasan Bermerk 2,19300.0
2024-04,Minyak Goreng Kemasan Bermerk 2,19350.0
2024-05,Minyak Goreng Kemasan Bermerk 2,19450.0
2024-06,Minyak Goreng Kemasan Bermerk 2,19450.0
2024-07,Minyak Goreng Kemasan Bermerk 2,19500.0
2024-08,Minyak Goreng Kemasan Bermerk 2,19550.0
2024-09,Minyak Goreng Kemasan Bermerk 2,19600.0
2024-10,Minyak Goreng Kemasan Bermerk 2,19700.0
2024-11,Minyak Goreng Kemasan Bermerk 2,19900.0
2024-12,Minyak Goreng Kemasan Bermerk 2,20300.0
2025-01,Minyak Goreng Kemasan Bermerk 2,20950.0
2025-02,Minyak Goreng Kemasan Bermerk 2,20800.0
2025-03,Minyak Goreng Kemasan Bermerk 2,21000.0
2025-04,Minyak Goreng Kemasan Bermerk 2,21250.0
2025-05,Minyak Goreng Kemasan Bermerk 2,21400.0
2025-06,Minyak Goreng Kemasan Bermerk 2,21400.0
2025-07,Minyak Goreng Kemasan Bermerk 2,21400.0
2025-08,Minyak Goreng Kemasan Bermerk 2,21450.0
2025-09,Minyak Goreng Kemasan Bermerk 2,21450.0
2025-10,Minyak Goreng Kemasan Bermerk 2,21400.0
2025-11,Minyak Goreng Kemasan Bermerk 2,21350.0
2025-12,Minyak Goreng Kemasan Bermerk 2,21450.0
2026-01,Minyak Goreng Kemasan Bermerk 2,21550.0
2026-02,Minyak Goreng Kemasan Bermerk 2,21550.0
2026-03,Minyak Goreng Kemasan Bermerk 2,21700.0
2026-04,Minyak Goreng Kemasan Bermerk 2,22050.0
2026-05,Minyak Goreng Kemasan Bermerk 2,22850.0
2026-06,Minyak Goreng Kemasan Bermerk 2,23150.0
2026-07,Minyak Goreng Kemasan Bermerk 2,23400.0
2026-08,Minyak Goreng Kemasan Bermerk 2,23450.0
2026-09,Minyak Goreng Kemasan Bermerk 2,23450.0
2026-10,Minyak Goreng Kemasan Bermerk 2,23550.0
